StationNumber,Station,SampleCount,DateRangeStart,DateRangeEnd,YearsSpanned,EstimatedFrequency,AvgGapDays,MaxGapDays,GapsOver60Days
AB05DB0010,"CLEARWATER RIVER, AT ROCKY MOUNTAIN HOUSE",56,2020-01-21 15:30:00,2023-12-13 14:40:00,3.890485968514716,Monthly,25.35185185185185,76.0,2.0
AB05DC0040,"RAM RIVER, AT AEP GAUGE 2 KM U/S CONFLUENCE WITH NORTH SASKATCHEWAN RIVER",56,2020-01-21 16:00:00,2023-12-13 14:15:00,3.890485968514716,Monthly,25.27777777777778,74.0,2.0
AB05DD0200,"NORDEGG RIVER, AT WSC GAUGE 36 KM U/S CONFLUENCE WITH BRAZEAU RIVER",55,2020-01-21 11:45:00,2023-12-13 11:30:00,3.890485968514716,Monthly,25.830188679245282,63.0,2.0
AB05DC0070,"BAPTISTE RIVER, AT AEP GAUGE 1.2 KM U/S CONFLUENCE WITH NORTH SASKATCHEWAN RIVER",55,2020-01-21 14:00:00,2023-12-13 12:45:00,3.890485968514716,Monthly,25.77358490566038,62.0,2.0
AB05DD0030,"BRAZEAU RIVER, AT BRAZEAU DAM DISCHARGE",54,2020-01-21 13:00:00,2023-12-13 11:15:00,3.890485968514716,Monthly,26.307692307692307,111.0,2.0
AB05DA0010,"NORTH SASKATCHEWAN RIVER, AT WSC GAUGE (AT WHIRLPOOL POINT)",54,2020-01-22 10:00:00,2023-12-14 10:45:00,3.893223819301848,Monthly,26.346153846153847,110.0,2.0
AB05EC0010,"NORTH SASKATCHEWAN RIVER, AT PAKAN BRIDGE",51,2020-01-09 11:15:00,2023-12-07 11:00:00,3.9069130732375084,Monthly,27.979591836734695,81.0,1.0
AB05DF0020,"STRAWBERRY CREEK, AT WSC GAUGE 4 KM U/S CONFLUENCE WITH NORTH SASKATCHEWAN RIVER",49,2020-06-16 10:05:00,2023-10-17 13:25:00,3.3347022587268995,Monthly,25.02127659574468,182.0,3.0
AB05DF0010,"NORTH SASKATCHEWAN RIVER, AT DEVON",48,2020-01-07 12:45:00,2023-12-04 11:40:00,3.9041752224503763,Monthly,29.91304347826087,81.0,1.0
AB07HA0230,"PEACE RIVER, 1.5 KM ABOVE CONFLUENCE OF WHITEMUD RIVER-TRANSECT",48,2020-01-09 12:50:00,2023-12-07 12:15:00,3.9069130732375084,Monthly,29.847826086956523,40.0,0.0
AB05BH0010,"BOW RIVER, AT COCHRANE",46,2020-01-06 11:50:00,2023-12-04 11:15:00,3.9069130732375084,Monthly,31.295454545454547,90.0,1.0
AB07DD0010,"ATHABASCA RIVER, AT OLD FORT - RIGHT BANK",46,2020-01-21 12:15:00,2023-12-12 12:45:00,3.890485968514716,Monthly,31.363636363636363,97.0,1.0
AB07BD0010,"ATHABASCA RIVER, AT VEGA FERRY (KLONDYKE) CENTRE OF RIVER ARC KM. 893.4",46,2020-01-20 11:30:00,2023-12-05 11:00:00,3.871321013004791,Monthly,31.272727272727273,105.0,1.0
AB07AD0100,"ATHABASCA RIVER, AT OLD ENTRANCE TOWN SITE - TRANSECT",46,2020-01-07 12:15:00,2023-12-07 14:20:00,3.915126625598905,Monthly,31.318181818181817,110.0,1.0
AB11AA0070,"MILK RIVER, AT HWY 880",46,2020-01-21 10:30:00,2023-12-12 11:00:00,3.890485968514716,Monthly,31.0,88.0,1.0
AB05DC0025,"NORTH SASKATCHEWAN RIVER, AT SAUNDERS CAMPGROUND - TRANSECT",46,2020-01-09 12:15:00,2023-12-14 12:15:00,3.9288158795345653,Monthly,31.431818181818183,91.0,1.0
AB05CD0375,"RED DEER RIVER, AT MORRIN BRIDGE - TRANSECT",46,2020-01-08 11:00:00,2023-12-19 10:35:00,3.9425051334702257,Monthly,31.568181818181817,102.0,1.0
AB05CD0250,"RED DEER RIVER, AT NEVIS BRIDGE - TRANSECT",46,2020-01-08 09:00:00,2023-12-18 13:40:00,3.9425051334702257,Monthly,31.568181818181817,102.0,1.0
AB05CJ0070,"RED DEER RIVER, D/S DINOSAUR PROV PARK AT HWY 884 NEAR JENNER - TRANSECT",46,2020-01-21 10:35:00,2023-12-19 13:30:00,3.909650924024641,Monthly,31.545454545454547,106.0,1.0
AB05CA0050,"RED DEER RIVER, AT SUNDRE",46,2020-01-07 09:40:00,2023-12-18 10:20:00,3.9452429842573578,Monthly,31.522727272727273,97.0,1.0
AB07HF0010,"PEACE RIVER, AT FORT VERMILION - CENTRE",46,2020-01-08 13:30:00,2023-12-06 13:25:00,3.9069130732375084,Monthly,31.227272727272727,105.0,1.0
AB07FD0135,"PEACE RIVER, U/S SMOKY RIVER NEAR SHAFTESBURY FERRY TRANSECT",46,2020-01-07 14:45:00,2023-12-05 13:45:00,3.9069130732375084,Monthly,31.227272727272727,106.0,1.0
AB05BJ0450,"ELBOW RIVER, AT 9TH AVE BRIDGE",46,2020-01-06 13:05:00,2023-12-05 11:00:00,3.909650924024641,Monthly,31.318181818181817,90.0,1.0
AB05BM0590,"BOW RIVER, AT CLUNY",46,2020-01-09 10:40:00,2023-12-06 10:30:00,3.9041752224503763,Monthly,31.363636363636363,91.0,1.0
AB05BN0010,"BOW RIVER, NEAR RONALANE BRIDGE",46,2020-01-20 12:00:00,2023-12-14 09:40:00,3.89596167008898,Monthly,31.431818181818183,90.0,1.0
AB05BM0010,"BOW RIVER, BELOW CARSELAND DAM",46,2020-01-09 12:05:00,2023-12-06 12:00:00,3.9041752224503763,Monthly,31.40909090909091,90.0,1.0
AB05AJ0060,"SOUTH SASKATCHEWAN RIVER, ABOVE MEDICINE HAT",46,2020-01-20 14:45:00,2023-12-14 08:30:00,3.89596167008898,Monthly,31.454545454545453,107.0,1.0
AB07GJ0010,"SMOKY RIVER, AT WATINO",46,2020-01-07 12:35:00,2023-12-05 11:45:00,3.9069130732375084,Monthly,31.181818181818183,105.0,1.0
AB05DE0015,"ROSE CREEK, 1.3 KM U/S CONFLUENCE WITH NORTH SASKATCHEWAN RIVER",46,2020-06-11 10:00:00,2023-10-17 09:40:00,3.345653661875428,Monthly,26.681818181818183,182.0,3.0
AB05CC0010,"RED DEER RIVER, 1 KM U/S HWY 2 BRIDGE",46,2020-01-07 13:20:00,2023-12-18 12:10:00,3.9425051334702257,Monthly,31.477272727272727,97.0,1.0
AB07CC0030,"ATHABASCA RIVER, U/S FORT MCMURRAY, 100 M U/S OF CONFLUENCE WITH HORSE RIVER - TRANSECT",46,2020-01-20 14:30:00,2023-12-04 14:15:00,3.868583162217659,Monthly,31.181818181818183,99.0,1.0
AB06AC0100,"BEAVER RIVER, AT HIGHWAY 892 BRIDGE NORTH OF ARDMORE - TRANSECT",45,2020-01-20 15:00:00,2023-12-12 14:45:00,3.890485968514716,Monthly,31.906976744186046,116.0,1.0
AB06AD0130,"BEAVER RIVER, AT GRAVEL PIT, 6 KM U/S OF AB-SK BORDER",45,2020-01-20 13:40:00,2023-12-12 12:50:00,3.890485968514716,Monthly,31.930232558139537,116.0,1.0
AB07GE0020,"WAPITI RIVER, AT HWY #40 BRIDGE-KM 44-TRANSECT",45,2020-01-27 15:15:00,2023-12-04 13:00:00,3.8494182067077345,Monthly,31.906976744186046,110.0,1.0
AB06AD0060,"BEAVER RIVER, AT HWY 28 BRIDGE NEAR BEAVER CROSSING - TRANSECT",45,2020-01-20 14:35:00,2023-12-12 14:00:00,3.890485968514716,Monthly,31.906976744186046,116.0,1.0
AB05AA1595,"OLDMAN RIVER, NEAR BROCKET-TRANSECT",45,2020-01-21 12:00:00,2023-12-18 13:15:00,3.9069130732375084,Monthly,31.906976744186046,113.0,1.0
AB05AA0480,"PINCHER CREEK, AT HWY 3 NEAR THE MOUTH",45,2020-01-21 12:15:00,2023-12-18 12:50:00,3.9069130732375084,Monthly,31.953488372093023,113.0,1.0
AB05AG0010,"OLDMAN RIVER, AT HWY 36 BRIDGE NORTH OF TABER",45,2020-01-22 11:00:00,2023-12-13 12:40:00,3.890485968514716,Monthly,32.06976744186046,126.0,1.0
AB05AD0010,"OLDMAN RIVER, ABOVE LETHBRIDGE AT HWY 3",45,2020-01-21 14:20:00,2023-12-12 11:15:00,3.887748117727584,Monthly,31.837209302325583,111.0,1.0
AB05AA0440,"PINCHER CREEK, AT PINCHER CREEK",45,2020-01-21 11:30:00,2023-12-18 12:00:00,3.9069130732375084,Monthly,31.906976744186046,113.0,1.0
AB07GE0165,"WAPITI RIVER, ABOVE CONFLUENCE WITH SMOKY RIVER-KM 0.5-TRANSECT",45,2020-01-27 12:00:00,2023-12-04 11:00:00,3.8494182067077345,Monthly,31.837209302325583,110.0,1.0
AB07BE0010,"ATHABASCA RIVER, AT TOWN OF ATHABASCA",45,2020-01-27 12:00:00,2023-11-08 13:00:00,3.780971937029432,Monthly,31.25581395348837,97.0,1.0
AB05FA0060,"BATTLE RIVER, APPROX 2 KM D/S HWY 53",45,2020-01-22 11:45:00,2023-12-06 12:15:00,3.871321013004791,Monthly,31.72093023255814,124.0,1.0
AB05FA0340,"BATTLE RIVER, AT NORTH END OF DRIEDMEAT LAKE",45,2020-01-22 13:30:00,2023-12-06 10:45:00,3.868583162217659,Monthly,31.813953488372093,124.0,1.0
AB05AD0240,"BELLY RIVER, NEAR CONFLUENCE WITH OLDMAN RIVER",44,2020-01-21 13:25:00,2023-12-13 11:20:00,3.890485968514716,Monthly,32.642857142857146,117.0,2.0
AB05AD0070,"BELLY RIVER, U/S OF CONFLUENCE WITH WATERTON RIVER",44,2020-01-22 09:40:00,2023-12-13 08:40:00,3.887748117727584,Monthly,32.785714285714285,124.0,2.0
AB05AC0175,"LITTLE BOW RIVER, D/S OF TWIN VALLEY RESERVOIR",44,2020-01-20 10:30:00,2023-12-13 10:15:00,3.893223819301848,Monthly,32.73809523809524,111.0,2.0
AB05AC0320,"LITTLE BOW RIVER, NEAR THE MOUTH",44,2020-01-22 09:50:00,2023-12-13 14:10:00,3.890485968514716,Monthly,32.785714285714285,119.0,1.0
AB05AD0190,"WATERTON RIVER, ADJACENT TO SEC HWY 810 BRIDGE-WR2",44,2020-01-22 10:40:00,2023-12-13 10:05:00,3.887748117727584,Monthly,32.785714285714285,124.0,2.0
AB05AE0070,"ST. MARY RIVER, NEAR CONFLUENCE WITH OLDMAN RIVER",44,2020-01-22 08:40:00,2023-12-12 12:15:00,3.887748117727584,Monthly,32.714285714285715,119.0,2.0
AB05AC0190,"LITTLE BOW RIVER, AT CARMANGAY",44,2020-01-20 11:00:00,2023-12-13 11:00:00,3.89596167008898,Monthly,32.714285714285715,111.0,2.0
AB05DC0050,"NORTH SASKATCHEWAN RIVER, 1 KM U/S CLEARWATER RIVER",43,2020-01-09 14:10:00,2023-12-13 13:30:00,3.923340177960301,Monthly,33.58536585365854,90.0,3.0
AB05BL1440,"SHEEP RIVER, APPROXIMATELY 1.0  KM D/S WSC GAUGE",41,2020-01-07 09:50:00,2023-12-07 11:35:00,3.915126625598905,Quarterly,35.48717948717949,91.0,4.0
AB05BL0470,"SHEEP RIVER, 1.6 KM D/S OF HWY 2",41,2020-01-07 10:40:00,2023-12-07 09:20:00,3.912388774811773,Quarterly,35.43589743589744,90.0,4.0
AB05BL0490,"HIGHWOOD RIVER, AT HWY 552",41,2020-01-07 12:15:00,2023-12-07 10:10:00,3.912388774811773,Quarterly,35.43589743589744,91.0,4.0
AB05BK0070,"FISH CREEK, #8 NEAR THE MOUTH NE 1/4-25-22-1-W5",41,2020-01-07 14:00:00,2023-12-05 10:00:00,3.9069130732375084,Quarterly,35.43589743589744,90.0,4.0
AB05BG0090,"GHOST RIVER, ABOVE CONFLUENCE WITH WAIPAROUS CREEK",41,2020-01-06 10:05:00,2023-12-04 09:40:00,3.9069130732375084,Quarterly,35.48717948717949,114.0,4.0
AB05BL0210,"HIGHWOOD RIVER, D/S OF HIGH RIVER AT BEND IN BACK ROAD TO HIGH RIVER",41,2020-01-07 11:40:00,2023-12-07 10:50:00,3.912388774811773,Quarterly,35.51282051282051,91.0,4.0
AB05BG0100,"WAIPAROUS CREEK, ABOVE CONFLUENCE WITH GHOST RIVER",41,2020-01-06 10:20:00,2023-12-04 09:50:00,3.9069130732375084,Quarterly,35.46153846153846,114.0,4.0
AB05AH0020,"ROSS CREEK, NEAR MOUTH",40,2020-01-20 13:30:00,2023-12-13 14:05:00,3.89596167008898,Quarterly,36.36842105263158,97.0,5.0
AB05BK0145,"PINE CREEK, NEAR THE MOUTH",40,2020-01-07 13:20:00,2023-12-05 09:15:00,3.9069130732375084,Quarterly,36.39473684210526,90.0,4.0
AB05AH0050,"SEVEN PERSONS CREEK, NEAR THE MOUTH",40,2020-01-20 13:50:00,2023-12-13 13:50:00,3.89596167008898,Quarterly,36.421052631578945,97.0,5.0
AB05DC0021,"BIGHORN RIVER, 5 KM U/S CONFLUENCE WITH NORTH SASKATCHEWAN RIVER",40,2020-06-11 12:30:00,2023-10-25 13:15:00,3.370294318959617,Monthly,31.657894736842106,153.0,3.0
AB05BH0370,"NOSE CREEK, NEAR THE MOUTH - MEMORIAL DRIVE",39,2020-01-06 13:30:00,2023-12-05 10:30:00,3.909650924024641,Quarterly,37.2972972972973,124.0,4.0
AB05AK0990,"SOUTH SASKATCHEWAN RIVER, BELOW MEDICINE HAT AND ABOVE FERTILIZER PLANT",39,2020-01-20 15:20:00,2023-12-13 14:50:00,3.893223819301848,Quarterly,37.2972972972973,97.0,5.0
AB05DE0155,"MODESTE CREEK, AT AEP GAUGE 14 KM U/S CONFLUENCE WITH NORTH SASKATCHEWAN RIVER",39,2020-06-11 12:00:00,2023-10-17 12:10:00,3.34839151266256,Monthly,31.783783783783782,182.0,3.0
AB05DA0025,"SIFFLEUR RIVER, 1.5 KM U/S OF CONFLUENCE WITH NORTH SASKATCHEWAN RIVER",39,2020-06-09 13:00:00,2023-10-25 10:55:00,3.373032169746749,Monthly,32.24324324324324,153.0,3.0
AB05DF0840,"WEED CREEK, 9.2 KM U/S CONFLUENCE WITH NORTH SASKATCHEWAN RIVER",38,2020-06-16 10:43:00,2023-10-17 14:00:00,3.3347022587268995,Monthly,32.77777777777778,182.0,3.0
AB05DF0260,"WHITEMUD CREEK, 4 KM U/S CONFLUENCE WITH NORTH SASKATCHEWAN RIVER",38,2020-06-16 08:25:00,2023-10-17 16:05:00,3.3347022587268995,Monthly,32.80555555555556,182.0,3.0
AB05BH0040,"JUMPINGPOUND CREEK, NEAR MOUTH",37,2020-01-06 11:25:00,2023-12-04 10:50:00,3.9069130732375084,Quarterly,39.6,153.0,5.0
AB05DF0030,"CONJURING CREEK, 4 KM U/S CONFLUENCE WITH NORTH SASKATCHEWAN RIVER",37,2020-06-16 11:35:00,2023-10-17 15:00:00,3.3347022587268995,Monthly,33.77142857142857,182.0,3.0
AB05DE2000,"TOMAHAWK CREEK, 10 KM U/S CONFLUENCE WITH NORTH SASKATCHEWAN RIVER",36,2020-06-11 13:30:00,2023-10-17 11:25:00,3.345653661875428,Monthly,34.6764705882353,182.0,3.0
AB05CC0460,"BLINDMAN RIVER, NEAR THE MOUTH, AT HWY 2A BRIDGE SOUTH OF BLACKFALDS",35,2020-01-07 14:00:00,2023-06-20 17:30:00,3.4496919917864477,Quarterly,36.60606060606061,97.0,3.0
AB05CB0270,"LITTLE RED DEER RIVER, WEST OF INNISFAIL",35,2020-01-07 12:30:00,2023-06-22 15:05:00,3.455167693360712,Quarterly,36.666666666666664,97.0,3.0
AB05CC0100,"MEDICINE RIVER, AT HWY 54",35,2020-01-07 11:30:00,2023-06-22 14:25:00,3.455167693360712,Quarterly,36.63636363636363,98.0,3.0
AB05CC0225,"WASKASOO CREEK, NEAR CONFLUENCE WITH RED DEER RIVER",35,2020-01-07 15:00:00,2023-06-20 16:45:00,3.4496919917864477,Quarterly,36.63636363636363,97.0,3.0
AB05CB0070,"RAVEN RIVER, AT RAVEN",35,2020-01-07 10:45:00,2023-06-22 13:40:00,3.455167693360712,Quarterly,36.78787878787879,98.0,3.0
AB05EC0065,"REDWATER RIVER, AT WSC GAUGE 5 KM U/S CONFLUENCE WITH NORTH SASKATCHEWAN RIVER",34,2020-06-17 09:15:00,2023-10-19 14:35:00,3.3374401095140316,Quarterly,36.9375,182.0,3.0
AB05CE0100,"ROSEBUD RIVER, AT HWY 10",34,2020-01-08 13:00:00,2023-06-19 14:45:00,3.4442162902121836,Quarterly,37.8125,132.0,3.0
AB05EA0025,"STURGEON RIVER, AT WSC GAUGE 17.5 KM U/S CONFLUENCE WITH NORTH SASKATCHEWAN RIVER",34,2020-06-17 10:40:00,2023-10-19 15:25:00,3.3374401095140316,Quarterly,36.90625,182.0,3.0
AB05EE0530,"VERMILION RIVER, 0.7 KM U/S CONFLUENCE WITH NORTH SASKATCHEWAN RIVER",34,2020-06-18 10:30:00,2023-10-19 10:35:00,3.3347022587268995,Quarterly,36.96875,182.0,3.0
AB07BK0125,"LESSER SLAVE RIVER, 9.5 KM U/S OF ATHABASCA RIVER CONFLUENCE",33,2021-04-15 11:30:00,2023-12-05 14:30:00,2.639288158795346,Monthly,29.70967741935484,41.0,0.0
AB07BC0025,"PEMBINA RIVER, AT WSC GAUGE NEAR JARVIE",33,2021-04-15 09:45:00,2023-12-05 11:45:00,2.639288158795346,Monthly,29.774193548387096,40.0,0.0
AB07AA0007,"MIETTE RIVER, AT WSC GAUGE AT HWY 16",33,2021-04-13 11:30:00,2023-12-07 13:00:00,2.650239561943874,Monthly,30.032258064516128,42.0,0.0
AB05ED0100,"ATIMOSWE CREEK, AT WSC GAUGE 6 KM U/S CONFLUENCE WITH NORTH SASKATCHEWAN RIVER",33,2020-06-18 12:55:00,2023-10-19 12:00:00,3.3319644079397674,Quarterly,38.12903225806452,190.0,3.0
AB05CH0120,"BERRY CREEK, NEAR MOUTH",32,2020-01-21 12:05:00,2023-06-28 12:30:00,3.433264887063655,Quarterly,40.7,125.0,4.0
AB05AB0260,"WILLOW CREEK, AT SEC HWY 811",29,2020-06-22 09:30:00,2023-10-19 09:00:00,3.3210130047912387,Quarterly,43.77777777777778,158.0,3.0
AB05AC0160,"MOSQUITO CREEK, AT HWY 529 EAST OF PARKLAND",29,2020-06-10 10:35:00,2023-10-19 10:00:00,3.353867214236824,Quarterly,43.592592592592595,154.0,3.0
AB05AG0140,"EXPANSE COULEE, ADJACENT TO HWY 36 BRIDGE CROSSING OLDMAN RIVER",29,2020-06-25 09:00:00,2023-10-17 10:40:00,3.3100616016427105,Quarterly,43.666666666666664,156.0,3.0
AB05AC0100,"LITTLE BOW RIVER, AT HWY 533 EAST OF NANTON",29,2020-06-10 09:40:00,2023-10-19 09:30:00,3.353867214236824,Quarterly,43.629629629629626,154.0,3.0
AB11AA0270,"NORTH MILK RIVER, NEAR INTERNATIONAL BOUNDARY, AT HWY 501",28,2020-05-21 09:30:00,2023-10-18 09:00:00,3.405886379192334,Quarterly,46.07692307692308,159.0,3.0
AB11AA0150,"MILK RIVER, U/S OF TOWN OF MILK RIVER",28,2020-05-21 13:00:00,2023-10-17 11:00:00,3.403148528405202,Quarterly,46.07692307692308,159.0,3.0
AB05CE0690,"KNEEHILLS CREEK, NEAR THE MOUTH AT HWY 575",27,2020-01-08 12:00:00,2023-06-19 14:10:00,3.4442162902121836,Quarterly,43.24,180.0,3.0
AB05CE0680,"THREEHILLS CREEK, NEAR MOUTH AT HWY 837",27,2020-01-08 11:30:00,2023-06-19 13:15:00,3.4442162902121836,Quarterly,48.48,137.0,5.0
AB05DA0015,"CLINE RIVER, AT HWY 11",27,2021-06-09 10:20:00,2023-10-25 12:10:00,2.3764544832306638,Monthly,33.68,147.0,2.0
AB05BM0620,"CROWFOOT CREEK, ON HWY 1",26,2020-03-04 10:15:00,2023-10-10 13:10:00,3.600273785078713,Quarterly,50.458333333333336,187.0,4.0
AB05BN0130,"NEW WEST COULEE, AT HWY 36 CROSSING",26,2020-03-12 11:30:00,2023-10-10 10:45:00,3.575633127994524,Quarterly,50.25,180.0,5.0
AB05BN0070,"COAL CREEK, 1/2 MILE WEST OF BOW CITY",26,2020-03-12 12:25:00,2023-10-10 11:45:00,3.575633127994524,Quarterly,50.166666666666664,180.0,5.0
AB05AB0100,"BEAVER CREEK, WEST OF PEIGAN INDIAN RESERVE",25,2020-06-18 11:45:00,2023-09-26 11:35:00,3.268993839835729,Quarterly,50.21739130434783,158.0,4.0
AB05BN0065,"TWELVE MILE CREEK, AT GAUGING STATION (RANGE ROAD 525)",25,2020-03-12 10:25:00,2023-10-12 11:45:00,3.583846680355921,Quarterly,52.608695652173914,182.0,6.0
AB05BM0585,"EAST ARROWWOOD CREEK, NEAR THE MOUTH",24,2020-03-04 12:25:00,2023-10-04 11:45:00,3.5811088295687883,Quarterly,54.77272727272727,277.0,3.0
AB05CA0045,"BEARBERRY CREEK, NEAR SUNDRE (NEAR WIER) REMOTE LOGGER SITE",23,2020-03-09 11:00:00,2023-06-22 12:20:00,3.2854209445585214,Quarterly,52.04761904761905,173.0,4.0
AB07AG0345,"MCLEOD RIVER, AT WSC GAUGE 4.5KM U/S OF THE CONFLUENCE WITH GROAT CREEK",23,2021-04-21 14:40:00,2023-10-18 14:20:00,2.48870636550308,Quarterly,41.61904761904762,154.0,2.0
AB07AH0005,"SAKWATAMAU RIVER, AT WSC GAUGE AT HWY 32",23,2021-04-21 13:45:00,2023-10-18 13:40:00,2.48870636550308,Quarterly,41.666666666666664,154.0,2.0
AB05CA0015,"FALLEN TIMBER CREEK, NEAR MOUTH",23,2020-03-09 10:00:00,2023-06-22 11:15:00,3.2854209445585214,Quarterly,51.95238095238095,174.0,4.0
AB05CA0090,"JAMES RIVER, NEAR JAMES RIVER BRIDGE",23,2020-03-09 11:30:00,2023-06-22 13:00:00,3.2854209445585214,Quarterly,52.04761904761905,173.0,4.0
AB11AA0280,"MILK RIVER, NEAR WESTERN BOUNDARY, AT HWY 501",23,2020-05-21 11:30:00,2023-07-12 09:45:00,3.137577002053388,Quarterly,52.61904761904762,208.0,3.0
AB07AC0015,"BERLAND RIVER, 10 KM U/S OF ATHABASCA RIVER - AT WSC GAUGE",22,2021-04-21 11:20:00,2023-10-18 11:30:00,2.4914442162902124,Quarterly,43.8,154.0,2.0
AB05CJ0030,"MATZHIWIN CREEK, AT HWY 36",21,2020-06-25 13:25:00,2023-06-28 13:30:00,3.0061601642710474,Quarterly,55.63157894736842,194.0,4.0
AB05EB0545,"NORTH SASKATCHEWAN RIVER, AT FORT SASKATCHEWAN BOAT LAUNCH - TRANSECT",20,2022-06-09 13:43:00,2022-10-24 13:50:00,0.3750855578370979,Weekly or more,7.5,61.0,1.0
AB11AA0290,"RED CREEK, NEAR THE MOUTH",17,2020-06-23 11:45:00,2023-06-15 11:45:00,2.976043805612594,Quarterly,70.13333333333334,273.0,3.0
AB06AC0160,"ETHEL LAKE (NEAR COLD LAKE), INLET FROM MARIE LAKE",17,2020-06-24 13:00:00,2022-10-18 13:40:00,2.316221765913758,Quarterly,54.6,410.0,1.0
AB05BM0571,"WEST ARROWWOOD CREEK, AT RG RD 242",16,2020-03-04 13:00:00,2023-07-06 11:40:00,3.3347022587268995,Quarterly,79.92857142857143,336.0,4.0
AB07DD0105,"ATHABASCA RIVER, D/S OF DEVILS ELBOW AT WINTER ROAD CROSSING",16,2020-01-21 10:30:00,2023-12-12 11:00:00,3.890485968514716,Quarterly,99.57142857142857,273.0,4.0
AB07AA0005,"SUNWAPTA RIVER, AT WSC GAUGE 0.1 KM D/S OF SUNWAPTA LAKE",14,2021-05-03 13:30:00,2023-06-06 13:00:00,2.088980150581793,Quarterly,59.5,209.0,2.0
AB05CE0700,"MICHICHI CREEK, NEAR THE MOUTH",12,2020-06-23 10:45:00,2023-06-19 15:45:00,2.9869952087611225,Annual or less,105.2,299.0,4.0
AB05CG0032,"FISH CREEK, AT HIGHWAY 851",11,2020-06-10 13:00:00,2022-07-05 14:30:00,2.0670773442847366,Quarterly,80.11111111111111,354.0,4.0
AB05EB0595,"NORTH SASKATCHEWAN RIVER, U/S FORT SASKATCHEWAN AT HWY 15 BRIDGE - TRANSECT",11,2023-01-26 11:10:00,2023-12-07 12:50:00,0.8624229979466119,Monthly,32.22222222222222,51.0,0.0
AB11AA0330,"MINER'S COULEE, SITE B",10,2020-06-23 10:45:00,2023-06-15 10:50:00,2.976043805612594,Annual or less,131.75,363.0,3.0
AB06AC0150,"ETHEL LAKE (NEAR COLD LAKE), INLET FROM HILDA LAKE",9,2020-06-24 12:20:00,2022-07-19 13:00:00,2.0670773442847366,Annual or less,104.28571428571429,557.0,1.0
AB07AE0160,"ATHABASCA RIVER, AT WINDFALL BRIDGE - TRANSECT ARC KM 1066.3",9,2023-04-17 13:20:00,2023-12-05 13:40:00,0.6351813826146475,Monthly,27.571428571428573,39.0,0.0
AB05AA0090,"CROWSNEST RIVER, ABOVE COLEMAN",8,2021-06-03 12:50:00,2022-07-25 15:45:00,1.1416837782340863,Quarterly,63.333333333333336,244.0,1.0
AB05AA0035,"BLAIRMORE CREEK, 12KM U/S CONFLUENCE WITH CROWSNEST RIVER",8,2021-06-02 16:30:00,2022-07-26 07:30:00,1.1444216290212184,Quarterly,63.333333333333336,245.0,1.0
AB05AA0045,"BLAIRMORE CREEK, 1KM U/S CONFLUENCE WITH CROWSNEST RIVER",8,2021-06-02 15:20:00,2022-07-25 17:00:00,1.1444216290212184,Quarterly,63.333333333333336,245.0,1.0
AB05AA0065,"CROWSNEST CREEK, 0.2KM D/S HWY 3",8,2021-06-03 10:12:00,2022-07-25 15:15:00,1.1416837782340863,Quarterly,63.0,244.0,1.0
AB05AA0055,"CROWSNEST CREEK, 0.5KM U/S CONFLUENCE WITH PTOLEMY CREEK",8,2021-06-03 08:15:00,2022-07-25 15:00:00,1.1416837782340863,Quarterly,63.166666666666664,245.0,1.0
AB05AA1270,"GOLD CREEK, U/S OF HWY 3 BRIDGE",8,2021-06-02 14:25:00,2022-07-25 12:30:00,1.1416837782340863,Quarterly,63.166666666666664,245.0,1.0
AB05AA0056,"PTOLEMY CREEK, 0.1KM U/S CONFLUENCE WITH CROWSNEST CREEK",8,2021-06-03 11:30:00,2022-07-25 12:30:00,1.1416837782340863,Quarterly,63.166666666666664,245.0,1.0
AB05AA0105,"CROWSNEST RIVER, 0.6KM U/S GOLD CREEK AT WSC GAUGE",8,2021-06-03 14:15:00,2022-07-25 16:40:00,1.1416837782340863,Quarterly,63.333333333333336,244.0,1.0
AB05AA0110,"CROWSNEST RIVER, ABOVE BELLEVUE",8,2021-06-03 15:00:00,2022-07-25 14:20:00,1.1389459274469542,Quarterly,63.166666666666664,244.0,1.0
AB05AH0185,"BULLSHEAD CREEK RESERVOIR, NEAR NORTH EAST INLET",7,2020-02-27 10:45:00,2021-03-10 11:22:00,1.0321697467488022,Quarterly,51.6,91.0,1.0
AB07GD0005,"BEAVERLODGE RIVER, AT TWP 734 AND RR 132",5,2022-08-14 10:00:00,2023-11-09 13:56:00,1.2375085557837098,Annual or less,145.0,231.0,3.0
AB07GD0045,"BEAVERLODGE RIVER, U/S HWY 722 BRIDGE",5,2022-08-14 14:00:00,2023-11-10 09:30:00,1.2375085557837098,Annual or less,145.0,238.0,3.0
AB07GD0040,"BEAVERLODGE RIVER, U/S OF BEAVERLODGE",5,2022-08-14 13:00:00,2023-11-10 09:00:00,1.2375085557837098,Annual or less,145.0,238.0,3.0
AB07GD0070,"BEAVERLODGE RIVER, AT GRAVEL PIT",5,2022-08-09 14:21:00,2023-11-10 11:00:00,1.2511978097193703,Annual or less,145.0,197.0,3.0
AB07GD0030,"BEAVERTAIL CREEK, AT THE MOUTH",5,2022-08-14 12:00:00,2023-11-09 10:05:00,1.2347707049965777,Annual or less,144.66666666666666,237.0,3.0
AB05AA0054,"POND 3A, TENT MOUNTAIN MINE",5,2021-07-08 12:00:00,2022-07-25 13:45:00,1.0458590006844628,Monthly,22.0,34.0,0.0
AB07GD0020,"BEAVERLODGE RIVER, U/S OF BEAVERTAIL CREEK",5,2022-08-14 11:00:00,2023-11-09 11:39:00,1.2375085557837098,Annual or less,144.66666666666666,231.0,3.0
AB07GD0022,"BEAVERTAIL CREEK, D/S OF TWP RD 720 BRIDGE",4,2022-08-09 15:56:00,2023-11-09 16:05:00,1.2511978097193703,Annual or less,218.0,231.0,2.0
AB07GD0095,"REDWILLOW RIVER, D/S OF RR 121 BRIDGE",4,2022-08-09 15:13:00,2023-11-10 12:20:00,1.2511978097193703,Annual or less,217.5,239.0,2.0
AB07BB0326,"NAKAMUN LAKE OUTFLOW, AT TWP RD 570",3,2020-01-29 15:25:00,2020-03-05 12:00:00,0.09582477754962354,Monthly,14.0,14.0,0.0
AB07GD0027,"STEEPROCK CREEK, 17.2 KM U/S HWY 671",3,2022-08-09 16:28:00,2023-11-09 15:07:00,1.2484599589322383,Annual or less,436.0,436.0,1.0
AB05AA0014,"RACEHORSE CREEK, U/S CONFLUENCE WITH OLDMAN RIVER",2,2022-05-18 12:30:00,2022-06-21 15:15:00,0.09308692676249145,Annual or less,,,0.0
AB05DB0016,"TAY RIVER, DOWNSTREAM HWY 591",2,2020-09-23 10:30:00,2020-09-23 10:35:00,0.0,Annual or less,,,0.0
AB05FA0269,"WEILLER CREEK, 1.2 KM U/S OF CONFLUENCE WITH PIPESTONE CREEK",2,2021-09-14 10:15:00,2021-09-21 13:25:00,0.019164955509924708,Annual or less,,,0.0
AB05FA0268,"WEILLER CREEK, 4.5 KM U/S OF CONFLUENCE WITH PIPESTONE CREEK",2,2021-09-14 09:38:00,2021-09-21 13:10:00,0.019164955509924708,Annual or less,,,0.0
AB05FA1860,"PIPESTONE CREEK, AT LARCH TREE PARK, D/S OF HWY 2A",2,2021-11-02 09:15:00,2021-11-09 10:50:00,0.019164955509924708,Annual or less,,,0.0
AB05FA0270,"PIPESTONE CREEK, AT SEC HWY 822 NEAR GWYNNE",2,2021-09-14 10:40:00,2021-09-21 13:40:00,0.019164955509924708,Annual or less,,,0.0
AB05FA1840,"PIPESTONE CREEK, U/S OF MILLET STP OUTFALL",2,2021-11-02 08:50:00,2021-11-09 10:40:00,0.019164955509924708,Annual or less,,,0.0
AB05FA0265,"PIPESTONE CREEK, NE OF WETASKIWIN AT RG RD 234",2,2021-11-02 09:45:00,2021-11-09 11:15:00,0.019164955509924708,Annual or less,,,0.0
AB07GE0090,"BIG MOUNTAIN CREEK, NEAR THE MOUTH",1,2023-10-04 11:45:00,2023-10-04 11:45:00,0.0,Annual or less,,,
AB07GE0190,"BEAR RIVER, AT CONFLUENCE WITH WAPITI RIVER - CENTRE",1,2023-10-05 10:10:00,2023-10-05 10:10:00,0.0,Annual or less,,,
AB07GC0011,"PINTO CREEK, AT MOUTH",1,2023-10-03 09:30:00,2023-10-03 09:30:00,0.0,Annual or less,,,
AB07GE0012,"PIPESTONE CREEK, AT MOUTH",1,2023-10-03 13:40:00,2023-10-03 13:40:00,0.0,Annual or less,,,
AB05FC0051,"RED WILLOW CREEK, 4.3 KM U/S OF STETTLER WWTF",1,2021-09-21 10:15:00,2021-09-21 10:15:00,0.0,Annual or less,,,
AB07GD0091,"REDWILLOW RIVER, AT MOUTH",1,2023-10-03 11:15:00,2023-10-03 11:15:00,0.0,Annual or less,,,
AB05FC0054,"RED WILLOW CREEK, AT HWY 850",1,2021-09-21 11:20:00,2021-09-21 11:20:00,0.0,Annual or less,,,
AB05FC0052,"RED WILLOW CREEK, 1 KM D/S OF STETTLER WWTF AT RR 200",1,2021-09-21 10:30:00,2021-09-21 10:30:00,0.0,Annual or less,,,
AB07GE0017,"SPRING CREEK, AT MOUTH",1,2023-10-03 15:00:00,2023-10-03 15:00:00,0.0,Annual or less,,,
AB05FC0053,"RED WILLOW CREEK, 8.5 KM D/S OF STETTLER WWTF AT RR 193",1,2021-09-21 11:00:00,2021-09-21 11:00:00,0.0,Annual or less,,,
AB07GE0200,"WAPITI RIVER, 10 KM U/S SMOKY",1,2023-10-05 11:15:00,2023-10-05 11:15:00,0.0,Annual or less,,,
AB07GE0170,"WAPITI RIVER, 10 KM D/S OF GRANDE PRAIRIE PULP MILL EFFLUENT - CENTRE",1,2023-10-05 08:25:00,2023-10-05 08:25:00,0.0,Annual or less,,,
AB07GE0180,"WAPITI RIVER, 0.1 KM U/S OF BEAR RIVER CONFLUENCE - CENTRE - KM 16.5",1,2023-10-05 09:15:00,2023-10-05 09:15:00,0.0,Annual or less,,,
AB05DB0019,"UNNAMED TRIBUTARY TO TAY RIVER, DOWNSTREAM OF PIPELINE (WDIB19646)",1,2020-09-23 12:05:00,2020-09-23 12:05:00,0.0,Annual or less,,,
AB05DB0017,"TAY RIVER, DOWNSTREAM OF PIPELINE CROSSING",1,2020-09-23 11:45:00,2020-09-23 11:45:00,0.0,Annual or less,,,
AB05DB0018,"TAY RIVER, UPSTREAM OF HWY 752",1,2020-09-23 14:06:00,2020-09-23 14:06:00,0.0,Annual or less,,,
AB07GE0060,"WAPITI RIVER, 5.0 KM D/S OF GRANDE PRAIRIE STP EFFLUENT - RIGHT BANK",1,2023-10-04 10:00:00,2023-10-04 10:00:00,0.0,Annual or less,,,
AB07GC0020,"WAPITI RIVER, 5 KM U/S OF REDWILLOW RIVER - CENTRE",1,2023-10-03 10:20:00,2023-10-03 10:20:00,0.0,Annual or less,,,
AB07GE0011,"WAPITI RIVER, U/S OF PIPESTONE CREEK",1,2023-10-03 13:00:00,2023-10-03 13:00:00,0.0,Annual or less,,,
AB07GC0010,"WAPITI RIVER, U/S OF PINTO CREEK",1,2023-10-03 09:00:00,2023-10-03 09:00:00,0.0,Annual or less,,,
AB07GE0150,"WAPITI RIVER, D/S RAILWAY BRIDGE SOUTH EAST OF GRANDE PRAIRIE-TRANSECT",1,2023-10-04 12:45:00,2023-10-04 12:45:00,0.0,Annual or less,,,
AB07GE0070,"WAPITI RIVER, D/S OF GRANDE PRAIRIE PULP MILL HAUL ROAD - CENTRE",1,2023-10-04 10:45:00,2023-10-04 10:45:00,0.0,Annual or less,,,
AB07GE0072,"WAPITI RIVER, U/S OF BIG MOUNTAIN CREEK",1,2023-10-04 11:15:00,2023-10-04 11:15:00,0.0,Annual or less,,,
AB07GE0015,"WAPITI RIVER, SOUTH OF DIMSDALE",1,2023-10-03 14:30:00,2023-10-03 14:30:00,0.0,Annual or less,,,
